fichero,hoja,set,set_original,material,material_sap,denominacion
Set de Datos Materiales Desarrollos PROAN-Final (1).xlsx,A (Abarrotes),SJABARROTES,SJABARROTES,110000012141,000000110000012141,TORTILLAS 1 KILO
Set de Datos Materiales Desarrollos PROAN-Final (1).xlsx,A (Abarrotes),SJABARROTES,SJABARROTES,110000012142,000000110000012142,TORTILLAS SANTA CECILIA 12 PZAS
Set de Datos Materiales Desarrollos PROAN-Final (1).xlsx,A (Abarrotes),SJABARROTES,SJABARROTES,110000012143,000000110000012143,TORTILLAS JUMBO
Set de Datos Materiales Desarrollos PROAN-Final (1).xlsx,A (Abarrotes),SJABARROTES,SJABARROTES,110000012144,000000110000012144,TOSTADAS SANTA CECILIA 28 PZAS
Set de Datos Materiales Desarrollos PROAN-Final (1).xlsx,A (Abarrotes),SJABARROTES,SJABARROTES,110000012145,000000110000012145,TOSTADAS DESHIDRATADAS 25 PZAS
Set de Datos Materiales Desarrollos PROAN-Final (1).xlsx,A (Abarrotes),SJABARROTES,SJABARROTES,110000012208,000000110000012208,TORTILLAS HARINA 1/2 KILO
Set de Datos Materiales Desarrollos PROAN-Final (1).xlsx,A (Abarrotes),SJABARROTES,SJABARROTES,110000012790,000000110000012790,TOSTADAS SANTA CECILIA 28 PZAS GRANEL
Set de Datos Materiales Desarrollos PROAN-Final (1).xlsx,A (Abarrotes),SJABARROTES,SJABARROTES,110000013001,000000110000013001,PAQUETE DE TOSTADAS SANTA CECILIA 20 PZA
Set de Datos Materiales Desarrollos PROAN-Final (1).xlsx,A (Abarrotes),SJABARROTES,SJABARROTES,110000013135,000000110000013135,TOTOPO DOÑA CECILIA 250 GR
Set de Datos Materiales Desarrollos PROAN-Final (1).xlsx,A (Abarrotes),SJABARROTES,SJABARROTES,110000013644,000000110000013644,TOSTADAS SANTA CECILIA 35 PIEZAS
Set de Datos Materiales Desarrollos PROAN-Final (1).xlsx,A (Abarrotes),SJABARROTES,SJABARROTES,110000013910,000000110000013910,TOTOPOS CON GRANOS 250 GRAMOS
Set de Datos Materiales Desarrollos PROAN-Final (1).xlsx,A (Abarrotes),SJABARROTES,SJABARROTES,110000013912,000000110000013912,TOSTADA DESHIDRATADA GRANOS 25 PZA
Set de Datos Materiales Desarrollos PROAN-Final (1).xlsx,A (Abarrotes),SJABARROTES,SJABARROTES,110000017587,000000110000017587,TRIGALIA 550 GRS. 17 TORTILLAS
Set de Datos Materiales Desarrollos PROAN-Final (1).xlsx,A (Abarrotes),SJABARROTES,SJABARROTES,110000021153,000000110000021153,TORTILLAS DE HARINA 30CM
Set de Datos Materiales Desarrollos PROAN-Final (1).xlsx,CE (Carnicos y Embu),CAREMBCE,CAREMBCE,13010,000000000000013010,
Set de Datos Materiales Desarrollos PROAN-Final (1).xlsx,CE (Carnicos y Embu),CAREMBCE,CAREMBCE,13011,000000000000013011,
Set de Datos Materiales Desarrollos PROAN-Final (1).xlsx,CE (Carnicos y Embu),CAREMBCE,CAREMBCE,13018,000000000000013018,
Set de Datos Materiales Desarrollos PROAN-Final (1).xlsx,CE (Carnicos y Embu),CAREMBCE,CAREMBCE,13620,000000000000013620,
Set de Datos Materiales Desarrollos PROAN-Final (1).xlsx,CE (Carnicos y Embu),CAREMBCE,CAREMBCE,14000,000000000000014000,
Set de Datos Materiales Desarrollos PROAN-Final (1).xlsx,CE (Carnicos y Embu),CAREMBCE,CAREMBCE,14704,000000000000014704,
Set de Datos Materiales Desarrollos PROAN-Final (1).xlsx,CE (Carnicos y Embu),CAREMBCE,CAREMBCE,18094,000000000000018094,
Set de Datos Materiales Desarrollos PROAN-Final (1).xlsx,IA CROQUETA Alimentos. DBC,CHOP,CHOP,19898,000000000000019898,CHOP ADULTO 24Kg
Set de Datos Materiales Desarrollos PROAN-Final (1).xlsx,IA CROQUETA Alimentos. DBC,BALU,BALU,110000024242,000000110000024242,BALU ADULTO 1 KG
Set de Datos Materiales Desarrollos PROAN-Final (1).xlsx,IA CROQUETA Alimentos. DBC,WOOFI,WOOFI,110000024244,000000110000024244,WOOFI 1 KG
Set de Datos Materiales Desarrollos PROAN-Final (1).xlsx,IA CROQUETA Alimentos. DBC,BALTO,BALTO,110000024245,000000110000024245,BALTO 1 KG
Set de Datos Materiales Desarrollos PROAN-Final (1).xlsx,IA CROQUETA Alimentos. DBC,MIXI,MIXI,110000023305,000000110000023305,MIXI 1.3 kg
Set de Datos Materiales Desarrollos PROAN-Final (1).xlsx,IA CROQUETA Alimentos. DBC,BONGO,BONGO,110000024122,000000110000024122,BONGO ADULTO 20 KG
Set de Datos Materiales Desarrollos PROAN-Final (1).xlsx,IA CROQUETA Alimentos. DBC,CHOP,CHOP,110000003710,000000110000003710,CHOP ADULTO 25Kg
Set de Datos Materiales Desarrollos PROAN-Final (1).xlsx,IA CROQUETA Alimentos. DBC,BALU,BALU,110000020738,000000110000020738,BALU ADULTO 25kg
Set de Datos Materiales Desarrollos PROAN-Final (1).xlsx,IA CROQUETA Alimentos. DBC,WOOFI,WOOFI,110000020742,000000110000020742,WOOFI ADULTO 20 kg
Set de Datos Materiales Desarrollos PROAN-Final (1).xlsx,IA CROQUETA Alimentos. DBC,BALTO,BALTO,110000023521,000000110000023521,BALTO 21 kg
Set de Datos Materiales Desarrollos PROAN-Final (1).xlsx,IA CROQUETA Alimentos. DBC,MIXI,MIXI,110000020741,000000110000020741,MIXI 15kg P
Set de Datos Materiales Desarrollos PROAN-Final (1).xlsx,IA CROQUETA Alimentos. DBC,BONGO,BONGO,110000024246,000000110000024246,BONGO 1 KG
Set de Datos Materiales Desarrollos PROAN-Final (1).xlsx,IA CROQUETA Alimentos. DBC,CHOP,CHOP,110000003711,000000110000003711,CHOP CACHORRO 20Kg
Set de Datos Materiales Desarrollos PROAN-Final (1).xlsx,IA CROQUETA Alimentos. DBC,BALU,BALU,110000020785,000000110000020785,BALU ADULTO 27 KG
Set de Datos Materiales Desarrollos PROAN-Final (1).xlsx,IA CROQUETA Alimentos. DBC,WOOFI,WOOFI,110000023750,000000110000023750,WOOFI ADULTO 25 kg
Set de Datos Materiales Desarrollos PROAN-Final (1).xlsx,IA CROQUETA Alimentos. DBC,BALTO,BALTO,110000021178,000000110000021178,BALTO ADULTO 20 K
Set de Datos Materiales Desarrollos PROAN-Final (1).xlsx,IA CROQUETA Alimentos. DBC,MIXI,MIXI,110000023520,000000110000023520,MIXI 16 kg
Set de Datos Materiales Desarrollos PROAN-Final (1).xlsx,IA CROQUETA Alimentos. DBC,BONGO,BONGO,110000024249,000000110000024249,BONGO 4 KG
Set de Datos Materiales Desarrollos PROAN-Final (1).xlsx,IA CROQUETA Alimentos. DBC,CHOP,CHOP,110000004491,000000110000004491,CHOP ADULTO 15Kg
Set de Datos Materiales Desarrollos PROAN-Final (1).xlsx,IA CROQUETA Alimentos. DBC,BALU,BALU,110000024243,000000110000024243,BALU CACHORRO 1 KG
Set de Datos Materiales Desarrollos PROAN-Final (1).xlsx,IA CROQUETA Alimentos. DBC,WOOFI,WOOFI,110000023986,000000110000023986,WOOFI ADULTO 26 kg
Set de Datos Materiales Desarrollos PROAN-Final (1).xlsx,IA CROQUETA Alimentos. DBC,BALTO,BALTO,110000021214,000000110000021214,BALTO ADULTO 100 GR.
Set de Datos Materiales Desarrollos PROAN-Final (1).xlsx,IA CROQUETA Alimentos. DBC,MIXI,MIXI,110000020683,000000110000020683,MIXI 15kg P
Set de Datos Materiales Desarrollos PROAN-Final (1).xlsx,IA CROQUETA Alimentos. DBC,CHOP,CHOP,110000004492,000000110000004492,CHOP ADULTO 8 KG
Set de Datos Materiales Desarrollos PROAN-Final (1).xlsx,IA CROQUETA Alimentos. DBC,BALU,BALU,110000020740,000000110000020740,BALU CACHORRO 20kg
Set de Datos Materiales Desarrollos PROAN-Final (1).xlsx,IA CROQUETA Alimentos. DBC,MIXI,MIXI,110000024239,000000110000024239,MIXI 1 KG
Set de Datos Materiales Desarrollos PROAN-Final (1).xlsx,IA CROQUETA Alimentos. DBC,CHOP,CHOP,110000004494,000000110000004494,CHOP ADULTO 4 KG
Set de Datos Materiales Desarrollos PROAN-Final (1).xlsx,IA CROQUETA Alimentos. DBC,CHOP,CHOP,110000004495,000000110000004495,CHOP ADULTO 2 KG
Set de Datos Materiales Desarrollos PROAN-Final (1).xlsx,IA CROQUETA Alimentos. DBC,CHOP,CHOP,110000004497,000000110000004497,CHOP CACHORRO 8 KG
Set de Datos Materiales Desarrollos PROAN-Final (1).xlsx,IA CROQUETA Alimentos. DBC,CHOP,CHOP,110000004498,000000110000004498,CHOP CACHORRO 4 KG
Set de Datos Materiales Desarrollos PROAN-Final (1).xlsx,IA CROQUETA Alimentos. DBC,CHOP,CHOP,110000004500,000000110000004500,CHOP CACHORRO 2 KG
Set de Datos Materiales Desarrollos PROAN-Final (1).xlsx,IA CROQUETA Alimentos. DBC,CHOP,CHOP,110000004833,000000110000004833,CHOP CACHORRO 1 KG
Set de Datos Materiales Desarrollos PROAN-Final (1).xlsx,IA CROQUETA Alimentos. DBC,CHOP,CHOP,110000004890,000000110000004890,CHOP ADULTO 1 KG
Set de Datos Materiales Desarrollos PROAN-Final (1).xlsx,IA CROQUETA Alimentos. DBC,CHOP,CHOP,110000005021,000000110000005021,CHOP ADULTO 25Kg (NO USAR)
Set de Datos Materiales Desarrollos PROAN-Final (1).xlsx,IA CROQUETA Alimentos. DBC,CHOP,CHOP,110000005022,000000110000005022,CHOP CACHORRO 20Kg (NO USAR)
Set de Datos Materiales Desarrollos PROAN-Final (1).xlsx,IA CROQUETA Alimentos. DBC,CHOP,CHOP,110000005023,000000110000005023,CHOP ADULTO 15Kg (NO USAR)
Set de Datos Materiales Desarrollos PROAN-Final (1).xlsx,IA CROQUETA Alimentos. DBC,CHOP,CHOP,110000005024,000000110000005024,CHOP ADULTO 8 KG (NO USAR)
Set de Datos Materiales Desarrollos PROAN-Final (1).xlsx,IA CROQUETA Alimentos. DBC,CHOP,CHOP,110000005025,000000110000005025,CHOP ADULTO 4 KG (NO USAR)
Set de Datos Materiales Desarrollos PROAN-Final (1).xlsx,IA CROQUETA Alimentos. DBC,CHOP,CHOP,110000005027,000000110000005027,CHOP ADULTO 2 KG (NO USAR)
Set de Datos Materiales Desarrollos PROAN-Final (1).xlsx,IA CROQUETA Alimentos. DBC,CHOP,CHOP,110000005028,000000110000005028,CHOP CACHORRO 8 KG (NO USAR)
Set de Datos Materiales Desarrollos PROAN-Final (1).xlsx,IA CROQUETA Alimentos. DBC,CHOP,CHOP,110000005029,000000110000005029,CHOP CACHORRO 4 KG (NO USAR)
Set de Datos Materiales Desarrollos PROAN-Final (1).xlsx,IA CROQUETA Alimentos. DBC,CHOP,CHOP,110000005030,000000110000005030,CHOP CACHORRO 2 KG (NO USAR)
Set de Datos Materiales Desarrollos PROAN-Final (1).xlsx,IA CROQUETA Alimentos. DBC,CHOP,CHOP,110000005032,000000110000005032,CHOP CACHORRO 1 KG (NO USAR)
Set de Datos Materiales Desarrollos PROAN-Final (1).xlsx,IA CROQUETA Alimentos. DBC,CHOP,CHOP,110000005033,000000110000005033,CHOP ADULTO 1 KG (NO USAR)
Set de Datos Materiales Desarrollos PROAN-Final (1).xlsx,IA CROQUETA Alimentos. DBC,CHOP,CHOP,110000007500,000000110000007500,CHOP ADULTO 950 GR
Set de Datos Materiales Desarrollos PROAN-Final (1).xlsx,IA CROQUETA Alimentos. DBC,CHOP,CHOP,110000007501,000000110000007501,CHOP CACHORRO 950 GR
Set de Datos Materiales Desarrollos PROAN-Final (1).xlsx,IA CROQUETA Alimentos. DBC,CHOP,CHOP,110000010982,000000110000010982,CHOP ADULTO 14Kg
Set de Datos Materiales Desarrollos PROAN-Final (1).xlsx,IA CROQUETA Alimentos. DBC,CHOP,CHOP,110000010983,000000110000010983,CHOP ADULTO 24Kg
Set de Datos Materiales Desarrollos PROAN-Final (1).xlsx,IA CROQUETA Alimentos. DBC,CHOP,CHOP,110000010984,000000110000010984,CHOP ADULTO 4 KG
Set de Datos Materiales Desarrollos PROAN-Final (1).xlsx,IA CROQUETA Alimentos. DBC,CHOP,CHOP,110000010985,000000110000010985,CHOP ADULTO 900 GR
Set de Datos Materiales Desarrollos PROAN-Final (1).xlsx,IA CROQUETA Alimentos. DBC,CHOP,CHOP,110000010986,000000110000010986,CHOP CACHORRO 18Kg
Set de Datos Materiales Desarrollos PROAN-Final (1).xlsx,IA CROQUETA Alimentos. DBC,CHOP,CHOP,110000010987,000000110000010987,CHOP CACHORRO 4 KG
Set de Datos Materiales Desarrollos PROAN-Final (1).xlsx,IA CROQUETA Alimentos. DBC,CHOP,CHOP,110000010989,000000110000010989,CHOP CACHORRO 900 GR
Set de Datos Materiales Desarrollos PROAN-Final (1).xlsx,IA CROQUETA Alimentos. DBC,CHOP,CHOP,110000011020,000000110000011020,CHOP CACHORRO 14Kg
Set de Datos Materiales Desarrollos PROAN-Final (1).xlsx,IA CROQUETA Alimentos. DBC,CHOP,CHOP,110000012872,000000110000012872,CHOP ADULTO 8 KG FN
Set de Datos Materiales Desarrollos PROAN-Final (1).xlsx,IA CROQUETA Alimentos. DBC,CHOP,CHOP,110000012874,000000110000012874,CHOP CACHORRO 8 KG FN
Set de Datos Materiales Desarrollos PROAN-Final (1).xlsx,IA CROQUETA Alimentos. DBC,CHOP,CHOP,110000020667,000000110000020667,CHOP ADULTO MK 800 G
Set de Datos Materiales Desarrollos PROAN-Final (1).xlsx,IA CROQUETA Alimentos. DBC,CHOP,CHOP,110000020668,000000110000020668,CHOP CACHORRO MK 800 G
Set de Datos Materiales Desarrollos PROAN-Final (1).xlsx,IA CROQUETA Alimentos. DBC,CHOP,CHOP,110000020719,000000110000020719,CHOP ADULTO MK 800 G
Set de Datos Materiales Desarrollos PROAN-Final (1).xlsx,IA CROQUETA Alimentos. DBC,CHOP,CHOP,110000020730,000000110000020730,CHOP ADULTO 4 KG
Set de Datos Materiales Desarrollos PROAN-Final (1).xlsx,IA CROQUETA Alimentos. DBC,CHOP,CHOP,110000020731,000000110000020731,CHOP ADULTO 25Kg
Set de Datos Materiales Desarrollos PROAN-Final (1).xlsx,IA CROQUETA Alimentos. DBC,CHOP,CHOP,110000020733,000000110000020733,CHOP CACHORRO 4 KG
Set de Datos Materiales Desarrollos PROAN-Final (1).xlsx,IA CROQUETA Alimentos. DBC,CHOP,CHOP,110000020734,000000110000020734,CHOP CACHORRO 20Kg
Set de Datos Materiales Desarrollos PROAN-Final (1).xlsx,IA CROQUETA Alimentos. DBC,CHOP,CHOP,110000020735,000000110000020735,CHOP CACHORRO MK 800 G
Set de Datos Materiales Desarrollos PROAN-Final (1).xlsx,IA CROQUETA Alimentos. DBC,CHOP,CHOP,110000020810,000000110000020810,CHOP CACHORRO MK 22 KG
Set de Datos Materiales Desarrollos PROAN-Final (1).xlsx,IA CROQUETA Alimentos. DBC,CHOP,CHOP,110000020830,000000110000020830,CHOP ADULTO MK 27 KG
Set de Datos Materiales Desarrollos PROAN-Final (1).xlsx,IA CROQUETA Alimentos. DBC,CHOP,CHOP,110000022393,000000110000022393,CHOP ADULTO MK 100G
Set de Datos Materiales Desarrollos PROAN-Final (1).xlsx,IA CROQUETA Alimentos. DBC,CHOP,CHOP,110000024240,000000110000024240,CHOP ADULTO 1 KG
Set de Datos Materiales Desarrollos PROAN-Final (1).xlsx,IA CROQUETA Alimentos. DBC,CHOP,CHOP,110000024241,000000110000024241,CHOP CACHORRO 1 KG
Set de Datos Materiales Desarrollos PROAN-Final (1).xlsx,H HUEVO DBC PAN,HSANJUAN,HSANJUAN,12008,000000000000012008,SAN JUAN BCO DOBLE YEMA 240
Set de Datos Materiales Desarrollos PROAN-Final (1).xlsx,H HUEVO DBC PAN,HPORTALES,HPORTALES,12333,000000000000012333,HUEVO BCO PORTALES 360
Set de Datos Materiales Desarrollos PROAN-Final (1).xlsx,H HUEVO DBC PAN,HRANCHERO,HRANCHERO,12024,000000000000012024,HUEVO BCO. RANCHERO
Set de Datos Materiales Desarrollos PROAN-Final (1).xlsx,H HUEVO DBC PAN,HSANJUAN,HSANJUAN,12011,000000000000012011,HUEVO BCO SAN JUAN 360
Set de Datos Materiales Desarrollos PROAN-Final (1).xlsx,H HUEVO DBC PAN,HPORTALES,HPORTALES,12466,000000000000012466,HUEVO BLANCO PORTALES 14
Set de Datos Materiales Desarrollos PROAN-Final (1).xlsx,H HUEVO DBC PAN,HINDUSTRIA,HINDUSTRIA,12262,000000000000012262,HUEVO BCO CAJA PLASTICO 360
Set de Datos Materiales Desarrollos PROAN-Final (1).xlsx,H HUEVO DBC PAN,HSANJUAN,HSANJUAN,12022,000000000000012022,HUEVO BCO GRANEL 360
Set de Datos Materiales Desarrollos PROAN-Final (1).xlsx,H HUEVO DBC PAN,HPORTALES,HPORTALES,12467,000000000000012467,HUEVO BLANCO PORTALES 15
Set de Datos Materiales Desarrollos PROAN-Final (1).xlsx,H HUEVO DBC PAN,HSANJUAN,HSANJUAN,12182,000000000000012182,HUEVO SAN JUAN 12B CJ 30
Set de Datos Materiales Desarrollos PROAN-Final (1).xlsx,H HUEVO DBC PAN,HPORTALES,HPORTALES,12468,000000000000012468,HUEVO BLANCO PORTALES 16
Set de Datos Materiales Desarrollos PROAN-Final (1).xlsx,H HUEVO DBC PAN,HSANJUAN,HSANJUAN,12195,000000000000012195,HUEVO SAN JUAN 18B CJ 20
Set de Datos Materiales Desarrollos PROAN-Final (1).xlsx,H HUEVO DBC PAN,HPORTALES,HPORTALES,12469,000000000000012469,HUEVO BLANCO PORTALES 17
Set de Datos Materiales Desarrollos PROAN-Final (1).xlsx,H HUEVO DBC PAN,HSANJUAN,HSANJUAN,12202,000000000000012202,HUEVO SAN JUAN 30B CJ10
Set de Datos Materiales Desarrollos PROAN-Final (1).xlsx,H HUEVO DBC PAN,HPORTALES,HPORTALES,12470,000000000000012470,HUEVO BLANCO PORTALES 18
Set de Datos Materiales Desarrollos PROAN-Final (1).xlsx,H HUEVO DBC PAN,HSANJUAN,HSANJUAN,12752,000000000000012752,HUEVO SAN JUAN BLANCO 180
Set de Datos Materiales Desarrollos PROAN-Final (1).xlsx,H HUEVO DBC PAN,HPORTALES,HPORTALES,12471,000000000000012471,HUEVO BLANCO PORTALES 19
Set de Datos Materiales Desarrollos PROAN-Final (1).xlsx,H HUEVO DBC PAN,HSANJUAN,HSANJUAN,12753,000000000000012753,HUEVO BCO SAN JUAN 90PZ
Set de Datos Materiales Desarrollos PROAN-Final (1).xlsx,H HUEVO DBC PAN,HPORTALES,HPORTALES,12472,000000000000012472,HUEVO BLANCO PORTALES 20
Set de Datos Materiales Desarrollos PROAN-Final (1).xlsx,H HUEVO DBC PAN,HSANJUAN,HSANJUAN,12443,000000000000012443,HUEVO BLANCO SAN JUAN 15
Set de Datos Materiales Desarrollos PROAN-Final (1).xlsx,H HUEVO DBC PAN,HPORTALES,HPORTALES,12473,000000000000012473,HUEVO BLANCO PORTALES 21
Set de Datos Materiales Desarrollos PROAN-Final (1).xlsx,H HUEVO DBC PAN,HSANJUAN,HSANJUAN,12444,000000000000012444,HUEVO BLANCO SAN JUAN 16
Set de Datos Materiales Desarrollos PROAN-Final (1).xlsx,H HUEVO DBC PAN,HPORTALES,HPORTALES,12474,000000000000012474,HUEVO BLANCO PORTALES 22
Set de Datos Materiales Desarrollos PROAN-Final (1).xlsx,H HUEVO DBC PAN,HSANJUAN,HSANJUAN,12445,000000000000012445,HUEVO BLANCO SAN JUAN 17
Set de Datos Materiales Desarrollos PROAN-Final (1).xlsx,H HUEVO DBC PAN,HPORTALES,HPORTALES,12475,000000000000012475,HUEVO BLANCO PORTALES 23
Set de Datos Materiales Desarrollos PROAN-Final (1).xlsx,H HUEVO DBC PAN,HSANJUAN,HSANJUAN,12446,000000000000012446,HUEVO BLANCO SAN JUAN 18
Set de Datos Materiales Desarrollos PROAN-Final (1).xlsx,H HUEVO DBC PAN,HPORTALES,HPORTALES,12476,000000000000012476,HUEVO BLANCO PORTALES 24
Set de Datos Materiales Desarrollos PROAN-Final (1).xlsx,H HUEVO DBC PAN,HSANJUAN,HSANJUAN,12447,000000000000012447,HUEVO BLANCO SAN JUAN 19
Set de Datos Materiales Desarrollos PROAN-Final (1).xlsx,H HUEVO DBC PAN,HPORTALES,HPORTALES,12477,000000000000012477,HUEVO BLANCO PORTALES 25
Set de Datos Materiales Desarrollos PROAN-Final (1).xlsx,H HUEVO DBC PAN,HSANJUAN,HSANJUAN,12448,000000000000012448,HUEVO BLANCO SAN JUAN 20
Set de Datos Materiales Desarrollos PROAN-Final (1).xlsx,H HUEVO DBC PAN,HPORTALES,HPORTALES,12036,000000000000012036,HUEVO BCO KRAFT 360
Set de Datos Materiales Desarrollos PROAN-Final (1).xlsx,H HUEVO DBC PAN,HSANJUAN,HSANJUAN,12449,000000000000012449,HUEVO BLANCO SAN JUAN 21
Set de Datos Materiales Desarrollos PROAN-Final (1).xlsx,H HUEVO DBC PAN,HPORTALES,HPORTALES,16473,000000000000016473,HUEVO BCO KRAFT 360 20
Set de Datos Materiales Desarrollos PROAN-Final (1).xlsx,H HUEVO DBC PAN,HSANJUAN,HSANJUAN,12450,000000000000012450,HUEVO BLANCO SAN JUAN 22
Set de Datos Materiales Desarrollos PROAN-Final (1).xlsx,H HUEVO DBC PAN,HPORTALES,HPORTALES,16477,000000000000016477,HUEVO BCO KRAFT 360 21
Set de Datos Materiales Desarrollos PROAN-Final (1).xlsx,H HUEVO DBC PAN,HSANJUAN,HSANJUAN,12451,000000000000012451,HUEVO BLANCO SAN JUAN 23
Set de Datos Materiales Desarrollos PROAN-Final (1).xlsx,H HUEVO DBC PAN,HPORTALES,HPORTALES,16478,000000000000016478,HUEVO BCO KRAFT 360 22
Set de Datos Materiales Desarrollos PROAN-Final (1).xlsx,H HUEVO DBC PAN,HSANJUAN,HSANJUAN,12452,000000000000012452,HUEVO BLANCO SAN JUAN 24
Set de Datos Materiales Desarrollos PROAN-Final (1).xlsx,H HUEVO DBC PAN,HPORTALES,HPORTALES,12582,000000000000012582,HUEVO BCO SEMILIMPIO 360
Set de Datos Materiales Desarrollos PROAN-Final (1).xlsx,BO BOTANA,CHOCOLATE,CHOCOLATE,21511,000000000000021511,VUALA SORPRESA 8B CHOC C/ GRNL - 48P S/P
Set de Datos Materiales Desarrollos PROAN-Final (1).xlsx,BO BOTANA,VAINILLA,VAINILLA,17693,000000000000017693,VUALA SORPRESA VAIN C/ 10 TIRA - 60P C/P
Set de Datos Materiales Desarrollos PROAN-Final (1).xlsx,BO BOTANA,CAJETA,CAJETA,17694,000000000000017694,VUALA SORPRESA CAJT C/ 10 TIRA - 60P C/P
Set de Datos Materiales Desarrollos PROAN-Final (1).xlsx,BO BOTANA,SWICH,SWICH,20263,000000000000020263,VUALA SW CAKE CREM C/ 16 DISP - 144P S/P
Set de Datos Materiales Desarrollos PROAN-Final (1).xlsx,BO BOTANA,SWICH ROLL,SW_ROLL,20265,000000000000020265,VUALA SW ROLL CHOC C/ 16 DISP - 144P S/P
Set de Datos Materiales Desarrollos PROAN-Final (1).xlsx,BO BOTANA,BIG CHOCOLATE,BIG_CHO,13377,000000000000013377,VUALA BIG CHOC C/ 10 TIRA - 60P C/P
Set de Datos Materiales Desarrollos PROAN-Final (1).xlsx,BO BOTANA,BIG VAINILLA,BIG_VAI,13376,000000000000013376,VUALA BIG VAIN C/ 10 TIRA - 60P C/P
Set de Datos Materiales Desarrollos PROAN-Final (1).xlsx,BO BOTANA,VUALA BOLD,VUALA_BOLD,12775,000000000000012775,VUALA BOLD CHOC C/ 10 TIRA - 60P C/P
Set de Datos Materiales Desarrollos PROAN-Final (1).xlsx,BO BOTANA,CHOCOLATE,CHOCOLATE,17692,000000000000017692,VUALA SORPRESA CHOC C/ 10 TIRA - 60P C/P
Set de Datos Materiales Desarrollos PROAN-Final (1).xlsx,BO BOTANA,VAINILLA,VAINILLA,20601,000000000000020601,VUALA SORPRESA VAIN C/ GRANEL - 20P C/P
Set de Datos Materiales Desarrollos PROAN-Final (1).xlsx,BO BOTANA,CAJETA,CAJETA,17711,000000000000017711,VUALA SORPRESA CAJT C/ GRANEL - 20P C/P
Set de Datos Materiales Desarrollos PROAN-Final (1).xlsx,BO BOTANA,SWICH,SWICH,13101,000000000000013101,VUALA SW CAKE CREM C/14 TIRA - 84P C/P
Set de Datos Materiales Desarrollos PROAN-Final (1).xlsx,BO BOTANA,SWICH ROLL,SW_ROLL,13098,000000000000013098,VUALA SW ROLL CHOC C/14 TIRA - 84P C/P
Set de Datos Materiales Desarrollos PROAN-Final (1).xlsx,BO BOTANA,BIG CHOCOLATE,BIG_CHO,14990,000000000000014990,VUALA BIG CHOC C/ 8 TIRA - 48P C/P
Set de Datos Materiales Desarrollos PROAN-Final (1).xlsx,BO BOTANA,BIG VAINILLA,BIG_VAI,14989,000000000000014989,VUALA BIG VAIN C/ 8 TIRA - 48P C/P
Set de Datos Materiales Desarrollos PROAN-Final (1).xlsx,BO BOTANA,CHOCOLATE,CHOCOLATE,20606,000000000000020606,VUALA SORPRESA CHOC C/ GRANEL - 20P C/P
Set de Datos Materiales Desarrollos PROAN-Final (1).xlsx,BO BOTANA,VAINILLA,VAINILLA,17697,000000000000017697,VUALA SORPRESA VAIN C/ GRANEL - 60P S/P
Set de Datos Materiales Desarrollos PROAN-Final (1).xlsx,BO BOTANA,CAJETA,CAJETA,17712,000000000000017712,VUALA SORPRESA CAJT C/ GRANEL - 60P S/P
Set de Datos Materiales Desarrollos PROAN-Final (1).xlsx,BO BOTANA,SWICH,SWICH,20261,000000000000020261,VUALA SW CAKE CREM C/16 DISP - 144P C/P
Set de Datos Materiales Desarrollos PROAN-Final (1).xlsx,BO BOTANA,SWICH ROLL,SW_ROLL,20264,000000000000020264,VUALA SW ROLL CHOC C/16 DISP - 144P C/P
Set de Datos Materiales Desarrollos PROAN-Final (1).xlsx,BO BOTANA,BIG CHOCOLATE,BIG_CHO,14992,000000000000014992,VUALA BIG CHOC C/ GRANEL - 48P S/P
Set de Datos Materiales Desarrollos PROAN-Final (1).xlsx,BO BOTANA,BIG VAINILLA,BIG_VAI,14991,000000000000014991,VUALA BIG VAIN C/ GRANEL - 48P S/P
Set de Datos Materiales Desarrollos PROAN-Final (1).xlsx,BO BOTANA,CHOCOLATE,CHOCOLATE,17377,000000000000017377,VUALA SORPRESA CHOC C/ GRANEL - 60P S/P
Set de Datos Materiales Desarrollos PROAN-Final (1).xlsx,BO BOTANA,CAJETA,CAJETA,20703,000000000000020703,VUALA CAJETA TIRA 60.
Set de Datos Materiales Desarrollos PROAN-Final (1).xlsx,BO BOTANA,SWICH ROLL,SW_ROLL,17124,000000000000017124,vuala sw roll piña C/9 display
Set de Datos Materiales Desarrollos PROAN-Final (1).xlsx,BO BOTANA,BIG CHOCOLATE,BIG_CHO,13715,000000000000013715,VUALA BIG CHOC C/ GRANEL - 60P S/P
Set de Datos Materiales Desarrollos PROAN-Final (1).xlsx,BO BOTANA,BIG VAINILLA,BIG_VAI,13705,000000000000013705,VUALA BIG VAIN C/ GRANEL - 60P S/P
Set de Datos Materiales Desarrollos PROAN-Final (1).xlsx,BO BOTANA,BIG CHOCOLATE,BIG_CHO,21205,000000000000021205,VUALA BIG CHOC C/ GRANEL - 60P C/P
Set de Datos Materiales Desarrollos PROAN-Final (1).xlsx,BO BOTANA,BIG VAINILLA,BIG_VAI,20206,000000000000020206,VUALA BIG VAIN C/ GRANEL - 60P C/P
Set de Datos Materiales Desarrollos PROAN-Final (1).xlsx,BO BOTANA,CHOCOLATE,CHOCOLATE,20617,000000000000020617,Vualá 8 Bite Pack Mayoreo Chocolate
Set de Datos Materiales Desarrollos PROAN-Final (1).xlsx,BO BOTANA,CHOCOLATE,CHOCOLATE,20829,000000000000020829,Vualá 8 Bite Pack Mayoreo Chocolate
